account_name,account_number,account_id,account_type,account_status,unit_code,userentry_name,account_open_date,initial_deposit
Account_377,1000000377,377,Checking,Closed,Unit_1,User_377,2024-09-11,393.05
Account_420,1000000420,420,Loan,Active,Unit_3,User_420,2024-11-19,9350.89
Account_80,1000000080,80,Checking,Closed,Unit_3,User_80,2024-11-01,7864.41
Account_7,1000000007,7,Credit,Active,Unit_2,User_7,2024-12-24,664.92
Account_240,1000000240,240,Checking,Inactive,Unit_2,User_240,2024-04-26,4639.23
Account_35,1000000035,35,Checking,Inactive,Unit_2,User_35,2024-08-28,6552.1
Account_109,1000000109,109,Checking,Closed,Unit_1,User_109,2024-08-18,4984.77
Account_291,1000000291,291,Checking,Active,Unit_3,User_291,2024-11-23,4361.2
Account_304,1000000304,304,Savings,Inactive,Unit_3,User_304,2024-06-22,2797.75
Account_370,1000000370,370,Credit,Closed,Unit_1,User_370,2024-11-20,736.04
Account_228,1000000228,228,Loan,Inactive,Unit_1,User_228,2024-08-27,9509
Account_42,1000000042,42,Savings,Inactive,Unit_3,User_42,2024-10-16,857.25
Account_440,1000000440,440,Checking,Closed,Unit_3,User_440,2024-09-22,4486.24
Account_153,1000000153,153,Credit,Inactive,Unit_2,User_153,2024-11-23,268.26
Account_454,1000000454,454,Savings,Closed,Unit_3,User_454,2024-05-04,8073.7
Account_323,1000000323,323,Savings,Inactive,Unit_1,User_323,2024-04-19,6113.22
Account_86,1000000086,86,Savings,Inactive,Unit_2,User_86,2024-07-14,8873.1
Account_342,1000000342,342,Credit,Inactive,Unit_1,User_342,2024-10-10,9492.35
Account_25,1000000025,25,Savings,Active,Unit_3,User_25,2024-07-27,5473.9
Account_259,1000000259,259,Credit,Active,Unit_2,User_259,2024-05-22,281.97
Account_252,1000000252,252,Checking,Closed,Unit_3,User_252,2024-10-31,2415.78
Account_341,1000000341,341,Credit,Closed,Unit_2,User_341,2024-05-16,8936.68
Account_297,1000000297,297,Loan,Inactive,Unit_3,User_297,2024-12-09,2968.25
Account_481,1000000481,481,Checking,Closed,Unit_2,User_481,2024-12-06,9229.29
Account_306,1000000306,306,Checking,Active,Unit_2,User_306,2024-06-22,9018.1
Account_465,1000000465,465,Credit,Inactive,Unit_3,User_465,2024-09-30,4136.74
Account_96,1000000096,96,Checking,Active,Unit_2,User_96,2024-12-30,7204.2
Account_29,1000000029,29,Savings,Active,Unit_1,User_29,2024-05-29,4868.66
Account_328,1000000328,328,Savings,Inactive,Unit_3,User_328,2024-06-06,3744.24
Account_35,1000000035,35,Credit,Inactive,Unit_2,User_35,2024-09-14,6552.1
Account_432,1000000432,432,Checking,Active,Unit_1,User_432,2024-07-08,5001.84
Account_427,1000000427,427,Savings,Closed,Unit_1,User_427,2024-09-04,5648.99
Account_64,1000000064,64,Checking,Closed,Unit_3,User_64,2024-04-13,7244.45
Account_151,1000000151,151,Loan,Closed,Unit_3,User_151,2024-07-28,1420.9
Account_28,1000000028,28,Checking,Closed,Unit_1,User_28,2024-12-04,2967.36
Account_485,1000000485,485,Savings,Inactive,Unit_3,User_485,2024-06-28,7790.44
Account_333,1000000333,333,Credit,Closed,Unit_2,User_333,2024-04-10,9393.35
Account_93,1000000093,93,Loan,Inactive,Unit_3,User_93,2024-11-27,3894.55
Account_500,1000000500,500,Savings,Closed,Unit_3,User_500,2024-10-03,1487.05
Account_154,1000000154,154,Checking,Inactive,Unit_1,User_154,2024-04-03,2192.16
Account_263,1000000263,263,Checking,Active,Unit_3,User_263,2024-01-30,5301.99
Account_450,1000000450,450,Savings,Closed,Unit_1,User_450,2024-09-17,8311.92
Account_43,1000000043,43,Credit,Active,Unit_2,User_43,2024-06-04,8505.73
Account_150,1000000150,150,Savings,Inactive,Unit_1,User_150,2024-12-22,3481.93
Account_18,1000000018,18,Loan,Closed,Unit_3,User_18,2024-02-22,4179.23
Account_4,1000000004,4,Savings,Inactive,Unit_3,User_4,2024-01-22,6352.91
Account_439,1000000439,439,Checking,Active,Unit_3,User_439,2024-04-18,7299.13
Account_68,1000000068,68,Savings,Active,Unit_2,User_68,2024-11-16,1081.63
Account_445,1000000445,445,Credit,Active,Unit_3,User_445,2024-05-18,4840.86
Account_310,1000000310,310,Credit,Inactive,Unit_2,User_310,2024-03-13,4785.54
Account_315,1000000315,315,Checking,Active,Unit_3,User_315,2024-02-26,8832.85
Account_41,1000000041,41,Savings,Closed,Unit_1,User_41,2024-06-13,1512.51
Account_68,1000000068,68,Loan,Active,Unit_2,User_68,2024-12-26,1081.63
Account_149,1000000149,149,Loan,Active,Unit_3,User_149,2024-06-25,6047.22
Account_332,1000000332,332,Loan,Closed,Unit_1,User_332,2024-11-28,5959.16
Account_28,1000000028,28,Checking,Closed,Unit_1,User_28,2024-04-21,2967.36
Account_282,1000000282,282,Credit,Closed,Unit_2,User_282,2024-02-13,3554.8
Account_145,1000000145,145,Savings,Inactive,Unit_1,User_145,2024-01-14,4381.97
Account_64,1000000064,64,Savings,Closed,Unit_3,User_64,2024-10-20,7244.45
Account_443,1000000443,443,Loan,Active,Unit_1,User_443,2024-08-26,1841.4
Account_448,1000000448,448,Checking,Closed,Unit_3,User_448,2024-02-04,3090.02
Account_49,1000000049,49,Savings,Closed,Unit_2,User_49,2024-01-11,2124.55
Account_147,1000000147,147,Checking,Closed,Unit_3,User_147,2024-03-12,8300.39
Account_188,1000000188,188,Credit,Closed,Unit_2,User_188,2024-09-19,3146.42
Account_432,1000000432,432,Loan,Active,Unit_1,User_432,2024-04-03,5001.84
Account_262,1000000262,262,Credit,Closed,Unit_1,User_262,2024-08-31,3110.2
Account_178,1000000178,178,Loan,Closed,Unit_2,User_178,2024-12-30,3122.57
Account_451,1000000451,451,Loan,Closed,Unit_1,User_451,2024-06-30,6862.91
Account_77,1000000077,77,Savings,Inactive,Unit_1,User_77,2024-05-16,453.07
Account_220,1000000220,220,Savings,Inactive,Unit_2,User_220,2024-03-17,8998.94
Account_68,1000000068,68,Checking,Active,Unit_2,User_68,2024-03-05,1081.63
Account_87,1000000087,87,Loan,Inactive,Unit_3,User_87,2024-04-23,4744.39
Account_361,1000000361,361,Checking,Inactive,Unit_2,User_361,2024-10-18,7298.7
Account_244,1000000244,244,Loan,Inactive,Unit_3,User_244,2024-08-05,1298.38
Account_2,1000000002,2,Checking,Inactive,Unit_2,User_2,2024-04-18,9818.85
Account_349,1000000349,349,Checking,Closed,Unit_2,User_349,2024-09-08,7240.21
Account_77,1000000077,77,Checking,Inactive,Unit_1,User_77,2024-10-21,453.07
Account_3,1000000003,3,Loan,Inactive,Unit_1,User_3,2024-06-25,5697.24
Account_61,1000000061,61,Credit,Inactive,Unit_1,User_61,2024-03-10,3293.86
Account_96,1000000096,96,Loan,Active,Unit_2,User_96,2024-02-11,7204.2
Account_172,1000000172,172,Savings,Closed,Unit_2,User_172,2024-09-30,1507.97
Account_90,1000000090,90,Checking,Inactive,Unit_1,User_90,2024-10-19,1739.65
Account_495,1000000495,495,Credit,Active,Unit_2,User_495,2024-03-24,9997.3
Account_71,1000000071,71,Credit,Closed,Unit_1,User_71,2024-05-04,7061.83
Account_300,1000000300,300,Loan,Inactive,Unit_3,User_300,2024-04-15,2647.66
Account_457,1000000457,457,Checking,Inactive,Unit_3,User_457,2024-03-28,2305.69
Account_59,1000000059,59,Loan,Active,Unit_1,User_59,2024-05-07,7743.4
Account_23,1000000023,23,Checking,Closed,Unit_1,User_23,2024-05-16,593.49
Account_175,1000000175,175,Loan,Closed,Unit_3,User_175,2024-04-11,3434.46
Account_115,1000000115,115,Loan,Closed,Unit_3,User_115,2024-02-01,8631.17
Account_247,1000000247,247,Credit,Active,Unit_2,User_247,2024-03-13,2690.63
Account_327,1000000327,327,Loan,Inactive,Unit_3,User_327,2024-08-08,855.75
Account_388,1000000388,388,Savings,Closed,Unit_1,User_388,2024-04-13,6151.86
Account_16,1000000016,16,Credit,Inactive,Unit_2,User_16,2024-07-16,7610.17
Account_21,1000000021,21,Checking,Inactive,Unit_1,User_21,2024-10-26,3176.98
Account_424,1000000424,424,Checking,Inactive,Unit_3,User_424,2024-02-19,7054.45
Account_452,1000000452,452,Loan,Inactive,Unit_3,User_452,2024-12-24,2079.35
Account_33,1000000033,33,Checking,Inactive,Unit_3,User_33,2024-03-12,415.75
Account_135,1000000135,135,Checking,Inactive,Unit_3,User_135,2024-01-06,4767.36
Account_101,1000000101,101,Checking,Active,Unit_2,User_101,2024-03-10,253.93
Account_9,1000000009,9,Credit,Inactive,Unit_2,User_9,2024-12-01,2534.47
Account_245,1000000245,245,Checking,Inactive,Unit_2,User_245,2024-03-29,7173.62
Account_437,1000000437,437,Checking,Closed,Unit_3,User_437,2024-06-13,3227.72
Account_370,1000000370,370,Checking,Closed,Unit_1,User_370,2024-04-20,736.04
Account_396,1000000396,396,Savings,Active,Unit_3,User_396,2024-05-26,5488.18
Account_40,1000000040,40,Checking,Inactive,Unit_1,User_40,2024-05-12,6034.92
Account_433,1000000433,433,Checking,Inactive,Unit_1,User_433,2024-12-26,7714.47
Account_195,1000000195,195,Loan,Inactive,Unit_2,User_195,2024-01-16,2818.52
Account_487,1000000487,487,Loan,Active,Unit_1,User_487,2024-02-16,6484.28
Account_210,1000000210,210,Savings,Closed,Unit_2,User_210,2024-04-19,9745.5
Account_339,1000000339,339,Savings,Active,Unit_2,User_339,2024-06-12,6184.89
Account_182,1000000182,182,Loan,Closed,Unit_1,User_182,2024-11-05,9991.6
Account_482,1000000482,482,Loan,Closed,Unit_2,User_482,2024-10-14,1603.93
Account_15,1000000015,15,Checking,Inactive,Unit_1,User_15,2024-05-08,206
Account_99,1000000099,99,Checking,Active,Unit_3,User_99,2024-05-27,5772.88
Account_469,1000000469,469,Savings,Inactive,Unit_2,User_469,2024-01-30,5116.92
Account_87,1000000087,87,Loan,Inactive,Unit_3,User_87,2024-03-26,4744.39
Account_248,1000000248,248,Credit,Closed,Unit_1,User_248,2024-12-05,2493.92
Account_138,1000000138,138,Savings,Inactive,Unit_3,User_138,2024-12-04,416.62
Account_343,1000000343,343,Savings,Inactive,Unit_1,User_343,2024-04-29,432.61
Account_445,1000000445,445,Loan,Active,Unit_3,User_445,2024-09-25,4840.86
Account_175,1000000175,175,Loan,Closed,Unit_3,User_175,2024-11-16,3434.46
Account_439,1000000439,439,Savings,Active,Unit_3,User_439,2024-12-22,7299.13
Account_196,1000000196,196,Credit,Active,Unit_3,User_196,2024-01-27,3602.65
Account_432,1000000432,432,Savings,Active,Unit_1,User_432,2024-01-04,5001.84
Account_363,1000000363,363,Savings,Closed,Unit_2,User_363,2024-04-22,1577.28
Account_50,1000000050,50,Checking,Closed,Unit_3,User_50,2024-03-14,7024.42
Account_138,1000000138,138,Loan,Inactive,Unit_3,User_138,2024-11-09,416.62
Account_480,1000000480,480,Checking,Inactive,Unit_1,User_480,2024-03-21,5128.72
Account_325,1000000325,325,Checking,Closed,Unit_3,User_325,2024-08-18,7283.32
Account_119,1000000119,119,Credit,Active,Unit_3,User_119,2024-01-29,8185.52
Account_419,1000000419,419,Checking,Inactive,Unit_1,User_419,2024-09-25,833.82
Account_500,1000000500,500,Savings,Closed,Unit_3,User_500,2024-10-02,1487.05
Account_111,1000000111,111,Loan,Closed,Unit_2,User_111,2024-02-17,9040.71
Account_80,1000000080,80,Savings,Closed,Unit_3,User_80,2024-11-01,7864.41
Account_10,1000000010,10,Credit,Closed,Unit_3,User_10,2024-12-07,9452
Account_22,1000000022,22,Loan,Closed,Unit_2,User_22,2024-10-25,3023.36
Account_116,1000000116,116,Checking,Inactive,Unit_1,User_116,2024-07-10,7708.5
Account_101,1000000101,101,Checking,Active,Unit_2,User_101,2024-11-06,253.93
Account_113,1000000113,113,Checking,Closed,Unit_3,User_113,2024-12-06,5459.88
Account_229,1000000229,229,Loan,Inactive,Unit_1,User_229,2024-09-11,3270.65
Account_384,1000000384,384,Loan,Inactive,Unit_3,User_384,2024-07-15,3537.9
Account_27,1000000027,27,Savings,Closed,Unit_1,User_27,2024-10-26,2630.09
Account_20,1000000020,20,Loan,Closed,Unit_3,User_20,2024-08-04,2066.56
Account_166,1000000166,166,Savings,Active,Unit_3,User_166,2024-06-22,5930.3
Account_355,1000000355,355,Savings,Inactive,Unit_3,User_355,2024-10-29,7228.63
Account_200,1000000200,200,Savings,Active,Unit_1,User_200,2024-05-25,2242.14
Account_450,1000000450,450,Loan,Closed,Unit_1,User_450,2024-10-14,8311.92
Account_320,1000000320,320,Checking,Inactive,Unit_2,User_320,2024-07-19,7603.33
Account_276,1000000276,276,Savings,Closed,Unit_2,User_276,2024-04-22,7890.29
Account_327,1000000327,327,Savings,Inactive,Unit_3,User_327,2024-08-17,855.75
Account_294,1000000294,294,Credit,Inactive,Unit_3,User_294,2024-03-28,7838.84
Account_440,1000000440,440,Savings,Closed,Unit_3,User_440,2024-12-18,4486.24
Account_169,1000000169,169,Loan,Inactive,Unit_1,User_169,2024-07-05,4264.12
Account_461,1000000461,461,Credit,Active,Unit_1,User_461,2024-02-07,3777.39
Account_295,1000000295,295,Loan,Active,Unit_1,User_295,2024-07-16,3102.65
Account_199,1000000199,199,Credit,Closed,Unit_1,User_199,2024-07-19,9764.66
Account_27,1000000027,27,Credit,Closed,Unit_1,User_27,2024-08-07,2630.09
Account_395,1000000395,395,Checking,Active,Unit_1,User_395,2024-12-28,829.95
Account_77,1000000077,77,Credit,Inactive,Unit_1,User_77,2024-11-11,453.07
Account_368,1000000368,368,Credit,Active,Unit_3,User_368,2024-07-08,9746.12
Account_438,1000000438,438,Loan,Active,Unit_2,User_438,2024-10-18,5454.19
Account_131,1000000131,131,Checking,Active,Unit_1,User_131,2024-06-26,1503.58
Account_423,1000000423,423,Savings,Closed,Unit_3,User_423,2024-04-18,7705.87
Account_213,1000000213,213,Savings,Inactive,Unit_3,User_213,2024-11-25,9553.3
Account_148,1000000148,148,Savings,Inactive,Unit_1,User_148,2024-04-12,3818.77
Account_182,1000000182,182,Savings,Closed,Unit_1,User_182,2024-03-20,9991.6
Account_59,1000000059,59,Savings,Active,Unit_1,User_59,2024-08-10,7743.4
Account_299,1000000299,299,Loan,Active,Unit_1,User_299,2024-01-02,9135.36
Account_391,1000000391,391,Savings,Closed,Unit_2,User_391,2024-11-19,3262.79
Account_169,1000000169,169,Loan,Inactive,Unit_1,User_169,2024-07-11,4264.12
Account_421,1000000421,421,Savings,Inactive,Unit_2,User_421,2024-11-05,6694.16
Account_328,1000000328,328,Credit,Inactive,Unit_3,User_328,2024-01-08,3744.24
Account_490,1000000490,490,Loan,Closed,Unit_1,User_490,2024-09-17,6994.1
Account_23,1000000023,23,Checking,Closed,Unit_1,User_23,2024-05-08,593.49
Account_376,1000000376,376,Checking,Closed,Unit_2,User_376,2024-10-01,3874.93
Account_228,1000000228,228,Loan,Inactive,Unit_1,User_228,2024-09-09,9509
Account_78,1000000078,78,Savings,Active,Unit_1,User_78,2024-11-23,9186.89
Account_372,1000000372,372,Checking,Active,Unit_2,User_372,2024-12-16,1784.23
Account_147,1000000147,147,Loan,Closed,Unit_3,User_147,2024-08-05,8300.39
Account_9,1000000009,9,Loan,Inactive,Unit_2,User_9,2024-02-08,2534.47
Account_249,1000000249,249,Loan,Closed,Unit_2,User_249,2024-03-21,2654.52
Account_12,1000000012,12,Checking,Closed,Unit_1,User_12,2024-01-18,5530.58
Account_234,1000000234,234,Savings,Active,Unit_2,User_234,2024-06-27,5130.76
Account_33,1000000033,33,Credit,Inactive,Unit_3,User_33,2024-11-22,415.75
Account_469,1000000469,469,Savings,Inactive,Unit_2,User_469,2024-04-19,5116.92
Account_215,1000000215,215,Savings,Active,Unit_2,User_215,2024-08-22,5400.64
Account_397,1000000397,397,Savings,Active,Unit_1,User_397,2024-02-13,4770.63
Account_428,1000000428,428,Credit,Inactive,Unit_3,User_428,2024-06-20,1116.62
Account_190,1000000190,190,Credit,Closed,Unit_3,User_190,2024-11-21,3088.13
Account_382,1000000382,382,Savings,Inactive,Unit_2,User_382,2024-09-22,5174.02
Account_238,1000000238,238,Checking,Inactive,Unit_3,User_238,2024-06-20,450.47
Account_68,1000000068,68,Loan,Active,Unit_2,User_68,2024-12-24,1081.63
Account_324,1000000324,324,Loan,Closed,Unit_1,User_324,2024-07-16,9423.93
Account_24,1000000024,24,Savings,Inactive,Unit_2,User_24,2024-01-27,2141.93
Account_67,1000000067,67,Savings,Active,Unit_1,User_67,2024-01-15,9560.18
Account_330,1000000330,330,Checking,Active,Unit_2,User_330,2024-05-27,6422.86
Account_484,1000000484,484,Checking,Inactive,Unit_2,User_484,2024-07-18,9240.21
Account_146,1000000146,146,Credit,Active,Unit_2,User_146,2024-07-09,5655.72
Account_67,1000000067,67,Loan,Active,Unit_1,User_67,2024-03-21,9560.18
Account_397,1000000397,397,Credit,Active,Unit_1,User_397,2024-10-09,4770.63
Account_43,1000000043,43,Checking,Active,Unit_2,User_43,2024-01-17,8505.73
Account_325,1000000325,325,Loan,Closed,Unit_3,User_325,2024-08-08,7283.32
Account_426,1000000426,426,Loan,Closed,Unit_1,User_426,2024-06-14,8695.78
Account_235,1000000235,235,Checking,Inactive,Unit_2,User_235,2024-03-06,6087.07
Account_264,1000000264,264,Checking,Inactive,Unit_1,User_264,2024-03-08,7539.07
Account_345,1000000345,345,Loan,Closed,Unit_3,User_345,2024-08-31,2006.69
Account_458,1000000458,458,Savings,Closed,Unit_1,User_458,2024-07-06,9664.33
Account_131,1000000131,131,Loan,Active,Unit_1,User_131,2024-02-16,1503.58
Account_72,1000000072,72,Checking,Inactive,Unit_2,User_72,2024-06-29,6887.8
Account_55,1000000055,55,Loan,Closed,Unit_3,User_55,2024-10-05,7705.28
Account_25,1000000025,25,Checking,Active,Unit_3,User_25,2024-04-23,5473.9
Account_68,1000000068,68,Loan,Active,Unit_2,User_68,2024-02-08,1081.63
Account_161,1000000161,161,Checking,Closed,Unit_3,User_161,2024-12-22,9828.81
Account_408,1000000408,408,Loan,Closed,Unit_1,User_408,2024-10-06,8063.12
Account_150,1000000150,150,Credit,Inactive,Unit_1,User_150,2024-09-07,3481.93
Account_301,1000000301,301,Loan,Active,Unit_1,User_301,2024-06-05,3678.73
Account_51,1000000051,51,Savings,Active,Unit_1,User_51,2024-05-19,1571.46
Account_307,1000000307,307,Credit,Closed,Unit_1,User_307,2024-08-28,329.61
Account_24,1000000024,24,Loan,Inactive,Unit_2,User_24,2024-05-26,2141.93
Account_401,1000000401,401,Loan,Closed,Unit_3,User_401,2024-09-30,987.67
Account_44,1000000044,44,Loan,Inactive,Unit_3,User_44,2024-05-15,4608.31
Account_413,1000000413,413,Savings,Active,Unit_2,User_413,2024-03-06,6029.32
Account_410,1000000410,410,Checking,Closed,Unit_2,User_410,2024-10-28,4463.6
Account_41,1000000041,41,Loan,Closed,Unit_1,User_41,2024-02-29,1512.51
Account_287,1000000287,287,Savings,Closed,Unit_2,User_287,2024-02-20,5829.05
Account_488,1000000488,488,Loan,Closed,Unit_1,User_488,2024-09-05,9763.89
Account_335,1000000335,335,Savings,Closed,Unit_3,User_335,2024-04-01,1519.2
Account_33,1000000033,33,Checking,Inactive,Unit_3,User_33,2024-08-12,415.75
Account_139,1000000139,139,Checking,Closed,Unit_1,User_139,2024-02-05,6880.69
Account_106,1000000106,106,Checking,Closed,Unit_1,User_106,2024-06-20,5212.16
Account_80,1000000080,80,Loan,Closed,Unit_3,User_80,2024-12-02,7864.41
Account_242,1000000242,242,Loan,Inactive,Unit_1,User_242,2024-01-02,5197.41
Account_51,1000000051,51,Checking,Active,Unit_1,User_51,2024-04-14,1571.46
Account_211,1000000211,211,Checking,Active,Unit_3,User_211,2024-06-27,7531.2
Account_296,1000000296,296,Savings,Closed,Unit_3,User_296,2024-11-14,8660.32
Account_133,1000000133,133,Credit,Active,Unit_1,User_133,2024-11-17,7546.7
Account_259,1000000259,259,Loan,Active,Unit_2,User_259,2024-05-23,281.97
Account_376,1000000376,376,Checking,Closed,Unit_2,User_376,2024-07-30,3874.93
Account_127,1000000127,127,Savings,Inactive,Unit_2,User_127,2024-06-24,6474.53
Account_192,1000000192,192,Loan,Closed,Unit_3,User_192,2024-04-27,3637.35
Account_78,1000000078,78,Loan,Active,Unit_1,User_78,2024-03-23,9186.89
Account_309,1000000309,309,Checking,Closed,Unit_2,User_309,2024-06-15,8574.25
Account_460,1000000460,460,Loan,Inactive,Unit_2,User_460,2024-10-30,4120.09
Account_360,1000000360,360,Savings,Inactive,Unit_2,User_360,2024-09-28,221.68
Account_75,1000000075,75,Checking,Closed,Unit_1,User_75,2024-01-24,8128.96
Account_78,1000000078,78,Checking,Active,Unit_1,User_78,2024-12-30,9186.89
Account_56,1000000056,56,Savings,Inactive,Unit_2,User_56,2024-10-12,7742.62
Account_385,1000000385,385,Checking,Active,Unit_3,User_385,2024-01-12,6188
Account_53,1000000053,53,Credit,Closed,Unit_1,User_53,2024-10-16,6383.14
Account_318,1000000318,318,Loan,Inactive,Unit_1,User_318,2024-11-22,7551.72
Account_132,1000000132,132,Savings,Inactive,Unit_1,User_132,2024-07-29,7792.66
Account_125,1000000125,125,Loan,Closed,Unit_1,User_125,2024-08-26,6340.06
Account_396,1000000396,396,Credit,Active,Unit_3,User_396,2024-03-02,5488.18
Account_307,1000000307,307,Savings,Closed,Unit_1,User_307,2024-10-09,329.61
Account_390,1000000390,390,Savings,Active,Unit_1,User_390,2024-09-14,1154.19
Account_499,1000000499,499,Loan,Active,Unit_1,User_499,2024-06-24,8596.91
Account_313,1000000313,313,Savings,Active,Unit_3,User_313,2024-08-30,9917.27
Account_138,1000000138,138,Savings,Inactive,Unit_3,User_138,2024-01-03,416.62
Account_363,1000000363,363,Credit,Closed,Unit_2,User_363,2024-06-30,1577.28
Account_91,1000000091,91,Savings,Inactive,Unit_3,User_91,2024-08-04,7356.85
Account_1,1000000001,1,Credit,Active,Unit_3,User_1,2024-06-08,7357.35
Account_310,1000000310,310,Savings,Inactive,Unit_2,User_310,2024-08-12,4785.54
Account_123,1000000123,123,Checking,Inactive,Unit_1,User_123,2024-06-13,851.08
Account_139,1000000139,139,Savings,Closed,Unit_1,User_139,2024-12-11,6880.69
Account_133,1000000133,133,Savings,Active,Unit_1,User_133,2024-12-03,7546.7
Account_148,1000000148,148,Savings,Inactive,Unit_1,User_148,2024-07-31,3818.77
Account_495,1000000495,495,Loan,Active,Unit_2,User_495,2024-11-19,9997.3
Account_19,1000000019,19,Loan,Closed,Unit_1,User_19,2024-03-02,3488.6
Account_117,1000000117,117,Checking,Closed,Unit_1,User_117,2024-12-05,5621.31
Account_255,1000000255,255,Loan,Active,Unit_3,User_255,2024-09-29,3213.12
Account_95,1000000095,95,Loan,Inactive,Unit_2,User_95,2024-03-08,7035.13
Account_189,1000000189,189,Savings,Closed,Unit_3,User_189,2024-02-17,4836.36
Account_248,1000000248,248,Checking,Closed,Unit_1,User_248,2024-06-03,2493.92
Account_350,1000000350,350,Loan,Closed,Unit_1,User_350,2024-08-09,9225.15
Account_381,1000000381,381,Credit,Active,Unit_2,User_381,2024-04-02,2813.88
Account_443,1000000443,443,Checking,Active,Unit_1,User_443,2024-05-15,1841.4
Account_281,1000000281,281,Credit,Active,Unit_3,User_281,2024-07-13,9016.31
Account_89,1000000089,89,Credit,Inactive,Unit_1,User_89,2024-03-24,4321.88
Account_76,1000000076,76,Savings,Closed,Unit_3,User_76,2024-04-05,450.98
Account_119,1000000119,119,Savings,Active,Unit_3,User_119,2024-02-09,8185.52
Account_286,1000000286,286,Checking,Inactive,Unit_3,User_286,2024-05-22,145.94
Account_11,1000000011,11,Credit,Active,Unit_1,User_11,2024-06-26,7944.89
Account_219,1000000219,219,Savings,Inactive,Unit_2,User_219,2024-11-02,677.57
Account_402,1000000402,402,Savings,Inactive,Unit_2,User_402,2024-01-25,2132.08
Account_463,1000000463,463,Checking,Active,Unit_2,User_463,2024-09-25,207.91
Account_257,1000000257,257,Loan,Inactive,Unit_1,User_257,2024-04-19,3173.56
Account_397,1000000397,397,Credit,Active,Unit_1,User_397,2024-07-22,4770.63
Account_483,1000000483,483,Savings,Inactive,Unit_1,User_483,2024-09-02,698.73
Account_35,1000000035,35,Checking,Inactive,Unit_2,User_35,2024-10-23,6552.1
Account_257,1000000257,257,Savings,Inactive,Unit_1,User_257,2024-06-13,3173.56
Account_425,1000000425,425,Credit,Inactive,Unit_2,User_425,2024-02-22,8860.47
Account_219,1000000219,219,Checking,Inactive,Unit_2,User_219,2024-07-15,677.57
Account_248,1000000248,248,Savings,Closed,Unit_1,User_248,2024-01-13,2493.92
Account_128,1000000128,128,Savings,Closed,Unit_2,User_128,2024-01-01,2675.8
Account_329,1000000329,329,Loan,Inactive,Unit_3,User_329,2024-09-07,8850.98
Account_432,1000000432,432,Loan,Active,Unit_1,User_432,2024-02-22,5001.84
Account_232,1000000232,232,Checking,Inactive,Unit_1,User_232,2024-10-05,7908.04
Account_40,1000000040,40,Checking,Inactive,Unit_1,User_40,2024-01-26,6034.92
Account_160,1000000160,160,Checking,Closed,Unit_3,User_160,2024-11-06,6061
Account_221,1000000221,221,Savings,Closed,Unit_1,User_221,2024-11-01,2990.92
Account_430,1000000430,430,Credit,Inactive,Unit_2,User_430,2024-06-26,8663.28
Account_178,1000000178,178,Credit,Closed,Unit_2,User_178,2024-05-09,3122.57
Account_320,1000000320,320,Credit,Inactive,Unit_2,User_320,2024-01-24,7603.33
Account_181,1000000181,181,Savings,Closed,Unit_1,User_181,2024-01-25,9300.78
Account_89,1000000089,89,Loan,Inactive,Unit_1,User_89,2024-03-12,4321.88
Account_247,1000000247,247,Loan,Active,Unit_2,User_247,2024-08-24,2690.63
Account_464,1000000464,464,Checking,Closed,Unit_3,User_464,2024-04-24,2206.72
Account_77,1000000077,77,Savings,Inactive,Unit_1,User_77,2024-02-29,453.07
Account_181,1000000181,181,Loan,Closed,Unit_1,User_181,2024-05-04,9300.78
Account_484,1000000484,484,Credit,Inactive,Unit_2,User_484,2024-06-14,9240.21
Account_391,1000000391,391,Checking,Closed,Unit_2,User_391,2024-08-07,3262.79
Account_372,1000000372,372,Savings,Active,Unit_2,User_372,2024-02-08,1784.23
Account_94,1000000094,94,Loan,Active,Unit_2,User_94,2024-02-28,6024.95
Account_444,1000000444,444,Checking,Closed,Unit_3,User_444,2024-02-22,8483.74
Account_312,1000000312,312,Loan,Inactive,Unit_2,User_312,2024-01-22,4481.14
Account_336,1000000336,336,Loan,Closed,Unit_3,User_336,2024-05-14,9499.36
Account_467,1000000467,467,Checking,Inactive,Unit_2,User_467,2024-07-14,9567.46
Account_170,1000000170,170,Checking,Closed,Unit_1,User_170,2024-05-19,1948.83
Account_290,1000000290,290,Savings,Active,Unit_2,User_290,2024-11-28,676.37
Account_140,1000000140,140,Credit,Inactive,Unit_1,User_140,2024-04-09,6075.73
Account_404,1000000404,404,Checking,Inactive,Unit_2,User_404,2024-05-08,8405.5
Account_255,1000000255,255,Credit,Active,Unit_3,User_255,2024-08-18,3213.12
Account_193,1000000193,193,Loan,Inactive,Unit_1,User_193,2024-12-06,585.46
Account_326,1000000326,326,Credit,Inactive,Unit_2,User_326,2024-10-13,2028.05
Account_294,1000000294,294,Loan,Inactive,Unit_3,User_294,2024-02-27,7838.84
Account_124,1000000124,124,Savings,Inactive,Unit_1,User_124,2024-02-18,5404.85
Account_339,1000000339,339,Loan,Active,Unit_2,User_339,2024-07-09,6184.89
Account_428,1000000428,428,Savings,Inactive,Unit_3,User_428,2024-03-12,1116.62
Account_316,1000000316,316,Savings,Inactive,Unit_2,User_316,2024-11-08,2525.68
Account_423,1000000423,423,Savings,Closed,Unit_3,User_423,2024-04-19,7705.87
Account_483,1000000483,483,Credit,Inactive,Unit_1,User_483,2024-04-16,698.73
Account_117,1000000117,117,Savings,Closed,Unit_1,User_117,2024-02-25,5621.31
Account_116,1000000116,116,Checking,Inactive,Unit_1,User_116,2024-04-07,7708.5
Account_20,1000000020,20,Loan,Closed,Unit_3,User_20,2024-03-04,2066.56
Account_109,1000000109,109,Loan,Closed,Unit_1,User_109,2024-07-09,4984.77
Account_28,1000000028,28,Loan,Closed,Unit_1,User_28,2024-01-20,2967.36
Account_372,1000000372,372,Checking,Active,Unit_2,User_372,2024-12-06,1784.23
Account_207,1000000207,207,Credit,Inactive,Unit_2,User_207,2024-04-01,4411.24
Account_303,1000000303,303,Savings,Closed,Unit_3,User_303,2024-02-08,856.08
Account_481,1000000481,481,Credit,Closed,Unit_2,User_481,2024-09-03,9229.29
Account_299,1000000299,299,Credit,Active,Unit_1,User_299,2024-05-13,9135.36
Account_167,1000000167,167,Loan,Inactive,Unit_1,User_167,2024-05-09,8788.89
Account_435,1000000435,435,Checking,Closed,Unit_1,User_435,2024-07-02,4427.88
Account_68,1000000068,68,Loan,Active,Unit_2,User_68,2024-06-07,1081.63
Account_360,1000000360,360,Loan,Inactive,Unit_2,User_360,2024-10-15,221.68
Account_70,1000000070,70,Credit,Active,Unit_1,User_70,2024-12-23,5674.37
Account_433,1000000433,433,Loan,Inactive,Unit_1,User_433,2024-05-28,7714.47
Account_279,1000000279,279,Savings,Inactive,Unit_3,User_279,2024-01-25,9307.01
Account_162,1000000162,162,Credit,Inactive,Unit_2,User_162,2024-01-18,6455.22
Account_400,1000000400,400,Credit,Active,Unit_2,User_400,2024-10-17,9246.7
Account_5,1000000005,5,Savings,Closed,Unit_3,User_5,2024-10-10,6324.8
Account_411,1000000411,411,Loan,Active,Unit_3,User_411,2024-01-26,1434.92
Account_450,1000000450,450,Credit,Closed,Unit_1,User_450,2024-03-12,8311.92
Account_251,1000000251,251,Credit,Inactive,Unit_1,User_251,2024-06-29,3351.75
Account_12,1000000012,12,Loan,Closed,Unit_1,User_12,2024-11-16,5530.58
Account_476,1000000476,476,Checking,Closed,Unit_3,User_476,2024-06-27,6908.73
Account_300,1000000300,300,Checking,Inactive,Unit_3,User_300,2024-03-08,2647.66
Account_455,1000000455,455,Savings,Closed,Unit_1,User_455,2024-01-24,6720.4
Account_400,1000000400,400,Savings,Active,Unit_2,User_400,2024-12-18,9246.7
Account_337,1000000337,337,Savings,Active,Unit_3,User_337,2024-11-04,6617.07
Account_216,1000000216,216,Loan,Active,Unit_2,User_216,2024-11-07,112.57
Account_322,1000000322,322,Checking,Inactive,Unit_1,User_322,2024-03-16,5758.24
Account_94,1000000094,94,Savings,Active,Unit_2,User_94,2024-01-11,6024.95
Account_256,1000000256,256,Credit,Closed,Unit_1,User_256,2024-10-21,1789.34
Account_203,1000000203,203,Checking,Closed,Unit_3,User_203,2024-09-23,5860.83
Account_249,1000000249,249,Savings,Closed,Unit_2,User_249,2024-04-19,2654.52
Account_427,1000000427,427,Loan,Closed,Unit_1,User_427,2024-12-09,5648.99
Account_1,1000000001,1,Savings,Active,Unit_3,User_1,2024-09-01,7357.35
Account_434,1000000434,434,Loan,Inactive,Unit_3,User_434,2024-07-08,3332.39
Account_192,1000000192,192,Credit,Closed,Unit_3,User_192,2024-08-11,3637.35
Account_192,1000000192,192,Credit,Closed,Unit_3,User_192,2024-01-20,3637.35
Account_49,1000000049,49,Loan,Closed,Unit_2,User_49,2024-10-15,2124.55
Account_334,1000000334,334,Savings,Closed,Unit_2,User_334,2024-08-02,7256.79
Account_289,1000000289,289,Loan,Closed,Unit_1,User_289,2024-05-27,4378.16
Account_390,1000000390,390,Loan,Active,Unit_1,User_390,2024-03-12,1154.19
Account_62,1000000062,62,Savings,Active,Unit_1,User_62,2024-10-28,1866.83
Account_485,1000000485,485,Credit,Inactive,Unit_3,User_485,2024-09-05,7790.44
Account_250,1000000250,250,Checking,Inactive,Unit_3,User_250,2024-09-07,5431.38
Account_160,1000000160,160,Credit,Closed,Unit_3,User_160,2024-09-06,6061
Account_345,1000000345,345,Loan,Closed,Unit_3,User_345,2024-12-21,2006.69
Account_267,1000000267,267,Loan,Closed,Unit_2,User_267,2024-01-14,7240.73
Account_62,1000000062,62,Savings,Active,Unit_1,User_62,2024-07-11,1866.83
Account_72,1000000072,72,Credit,Inactive,Unit_2,User_72,2024-03-09,6887.8
Account_477,1000000477,477,Credit,Closed,Unit_1,User_477,2024-09-24,2781.67
Account_438,1000000438,438,Loan,Active,Unit_2,User_438,2024-04-02,5454.19
Account_438,1000000438,438,Loan,Active,Unit_2,User_438,2024-05-28,5454.19
Account_102,1000000102,102,Savings,Active,Unit_3,User_102,2024-03-12,2822.85
Account_386,1000000386,386,Savings,Inactive,Unit_1,User_386,2024-11-15,7828.93
Account_221,1000000221,221,Credit,Closed,Unit_1,User_221,2024-03-17,2990.92
Account_42,1000000042,42,Savings,Inactive,Unit_3,User_42,2024-10-15,857.25
Account_3,1000000003,3,Loan,Inactive,Unit_1,User_3,2024-08-05,5697.24
Account_366,1000000366,366,Checking,Active,Unit_2,User_366,2024-03-24,1011.08
Account_200,1000000200,200,Checking,Active,Unit_1,User_200,2024-07-31,2242.14
Account_448,1000000448,448,Loan,Closed,Unit_3,User_448,2024-05-29,3090.02
Account_205,1000000205,205,Checking,Inactive,Unit_3,User_205,2024-08-28,1718.86
Account_103,1000000103,103,Loan,Closed,Unit_3,User_103,2024-12-17,5686.47
Account_88,1000000088,88,Checking,Active,Unit_1,User_88,2024-11-12,4801.34
Account_170,1000000170,170,Credit,Closed,Unit_1,User_170,2024-05-19,1948.83
Account_269,1000000269,269,Credit,Closed,Unit_2,User_269,2024-06-09,8905.51
Account_320,1000000320,320,Loan,Inactive,Unit_2,User_320,2024-07-14,7603.33
Account_429,1000000429,429,Savings,Closed,Unit_3,User_429,2024-06-07,2663.65
Account_458,1000000458,458,Credit,Closed,Unit_1,User_458,2024-03-16,9664.33
Account_370,1000000370,370,Checking,Closed,Unit_1,User_370,2024-01-21,736.04
Account_192,1000000192,192,Credit,Closed,Unit_3,User_192,2024-05-23,3637.35
Account_145,1000000145,145,Loan,Inactive,Unit_1,User_145,2024-07-03,4381.97
Account_111,1000000111,111,Savings,Closed,Unit_2,User_111,2024-11-30,9040.71
Account_99,1000000099,99,Loan,Active,Unit_3,User_99,2024-12-02,5772.88
Account_493,1000000493,493,Checking,Active,Unit_2,User_493,2024-10-28,4255.87
Account_75,1000000075,75,Savings,Closed,Unit_1,User_75,2024-06-09,8128.96
Account_274,1000000274,274,Checking,Inactive,Unit_1,User_274,2024-06-14,2127.33
Account_351,1000000351,351,Loan,Active,Unit_2,User_351,2024-05-07,5977.77
Account_170,1000000170,170,Savings,Closed,Unit_1,User_170,2024-05-29,1948.83
Account_259,1000000259,259,Loan,Active,Unit_2,User_259,2024-03-03,281.97
Account_190,1000000190,190,Loan,Closed,Unit_3,User_190,2024-10-18,3088.13
Account_169,1000000169,169,Credit,Inactive,Unit_1,User_169,2024-11-09,4264.12
Account_409,1000000409,409,Checking,Inactive,Unit_3,User_409,2024-03-26,8850.3
Account_276,1000000276,276,Savings,Closed,Unit_2,User_276,2024-08-09,7890.29
Account_266,1000000266,266,Credit,Closed,Unit_2,User_266,2024-12-09,7972.34
Account_430,1000000430,430,Loan,Inactive,Unit_2,User_430,2024-07-17,8663.28
Account_191,1000000191,191,Credit,Active,Unit_3,User_191,2024-08-05,5346.91
Account_259,1000000259,259,Loan,Active,Unit_2,User_259,2024-11-26,281.97
Account_51,1000000051,51,Checking,Active,Unit_1,User_51,2024-06-11,1571.46
Account_90,1000000090,90,Savings,Inactive,Unit_1,User_90,2024-04-23,1739.65
Account_72,1000000072,72,Checking,Inactive,Unit_2,User_72,2024-01-08,6887.8
Account_491,1000000491,491,Loan,Closed,Unit_1,User_491,2024-12-20,2567.55
Account_147,1000000147,147,Credit,Closed,Unit_3,User_147,2024-04-17,8300.39
Account_430,1000000430,430,Loan,Inactive,Unit_2,User_430,2024-05-28,8663.28
Account_162,1000000162,162,Loan,Inactive,Unit_2,User_162,2024-09-18,6455.22
Account_210,1000000210,210,Savings,Closed,Unit_2,User_210,2024-09-14,9745.5
Account_304,1000000304,304,Loan,Inactive,Unit_3,User_304,2024-09-07,2797.75
Account_48,1000000048,48,Checking,Active,Unit_3,User_48,2024-06-14,6070.64
Account_414,1000000414,414,Savings,Active,Unit_1,User_414,2024-11-11,6154.27
Account_100,1000000100,100,Checking,Inactive,Unit_3,User_100,2024-03-21,6332.94
Account_191,1000000191,191,Savings,Active,Unit_3,User_191,2024-10-27,5346.91
Account_474,1000000474,474,Savings,Active,Unit_3,User_474,2024-11-14,5056.66
Account_155,1000000155,155,Credit,Active,Unit_2,User_155,2024-05-09,8439.65
Account_468,1000000468,468,Checking,Active,Unit_2,User_468,2024-08-21,4368.33
Account_411,1000000411,411,Savings,Active,Unit_3,User_411,2024-11-26,1434.92
Account_421,1000000421,421,Credit,Inactive,Unit_2,User_421,2024-10-17,6694.16
Account_438,1000000438,438,Checking,Active,Unit_2,User_438,2024-10-04,5454.19
Account_433,1000000433,433,Loan,Inactive,Unit_1,User_433,2024-11-08,7714.47
Account_44,1000000044,44,Checking,Inactive,Unit_3,User_44,2024-12-02,4608.31
Account_182,1000000182,182,Savings,Closed,Unit_1,User_182,2024-07-09,9991.6
Account_227,1000000227,227,Checking,Closed,Unit_1,User_227,2024-11-05,9500.51
Account_456,1000000456,456,Savings,Closed,Unit_3,User_456,2024-09-17,6308.2
Account_14,1000000014,14,Loan,Active,Unit_3,User_14,2024-02-05,9448.39
Account_478,1000000478,478,Credit,Active,Unit_3,User_478,2024-10-23,1091.24
Account_126,1000000126,126,Checking,Inactive,Unit_3,User_126,2024-08-19,4419.17
Account_298,1000000298,298,Credit,Closed,Unit_1,User_298,2024-10-10,7892.07
Account_356,1000000356,356,Credit,Active,Unit_2,User_356,2024-09-28,9268.88
Account_357,1000000357,357,Credit,Inactive,Unit_1,User_357,2024-09-19,8169.31
Account_387,1000000387,387,Checking,Active,Unit_2,User_387,2024-01-27,1702.54
Account_105,1000000105,105,Checking,Inactive,Unit_3,User_105,2024-10-31,3355.4
Account_359,1000000359,359,Loan,Inactive,Unit_3,User_359,2024-09-23,9949.95
Account_439,1000000439,439,Checking,Active,Unit_3,User_439,2024-12-08,7299.13
Account_117,1000000117,117,Savings,Closed,Unit_1,User_117,2024-12-30,5621.31
Account_321,1000000321,321,Savings,Closed,Unit_1,User_321,2024-09-17,5106.16
Account_331,1000000331,331,Credit,Inactive,Unit_3,User_331,2024-03-03,512.82
Account_5,1000000005,5,Credit,Closed,Unit_3,User_5,2024-01-04,6324.8
Account_338,1000000338,338,Savings,Closed,Unit_1,User_338,2024-09-18,9567.97
Account_62,1000000062,62,Checking,Active,Unit_1,User_62,2024-08-15,1866.83
Account_276,1000000276,276,Savings,Closed,Unit_2,User_276,2024-10-02,7890.29
Account_66,1000000066,66,Savings,Closed,Unit_3,User_66,2024-12-06,5078.29
Account_489,1000000489,489,Loan,Inactive,Unit_3,User_489,2024-06-10,1133.25
Account_376,1000000376,376,Checking,Closed,Unit_2,User_376,2024-11-15,3874.93
Account_329,1000000329,329,Credit,Inactive,Unit_3,User_329,2024-03-28,8850.98
Account_169,1000000169,169,Credit,Inactive,Unit_1,User_169,2024-04-04,4264.12
Account_407,1000000407,407,Checking,Active,Unit_3,User_407,2024-10-19,4705.63
Account_478,1000000478,478,Loan,Active,Unit_3,User_478,2024-12-23,1091.24
Account_356,1000000356,356,Checking,Active,Unit_2,User_356,2024-06-27,9268.88
Account_324,1000000324,324,Savings,Closed,Unit_1,User_324,2024-01-28,9423.93
Account_432,1000000432,432,Savings,Active,Unit_1,User_432,2024-06-16,5001.84
Account_228,1000000228,228,Savings,Inactive,Unit_1,User_228,2024-08-03,9509
Account_478,1000000478,478,Savings,Active,Unit_3,User_478,2024-10-02,1091.24
Account_482,1000000482,482,Savings,Closed,Unit_2,User_482,2024-05-04,1603.93
Account_324,1000000324,324,Checking,Closed,Unit_1,User_324,2024-01-31,9423.93
Account_464,1000000464,464,Loan,Closed,Unit_3,User_464,2024-01-19,2206.72
Account_398,1000000398,398,Credit,Active,Unit_1,User_398,2024-04-28,771.55
Account_225,1000000225,225,Credit,Inactive,Unit_3,User_225,2024-08-02,3246.95
Account_198,1000000198,198,Loan,Active,Unit_2,User_198,2024-04-06,5105.05
Account_236,1000000236,236,Savings,Inactive,Unit_3,User_236,2024-01-04,2947.81
Account_138,1000000138,138,Savings,Inactive,Unit_3,User_138,2024-07-16,416.62
Account_7,1000000007,7,Checking,Active,Unit_2,User_7,2024-10-03,664.92
Account_263,1000000263,263,Loan,Active,Unit_3,User_263,2024-03-24,5301.99
Account_479,1000000479,479,Credit,Active,Unit_1,User_479,2024-09-08,9537.11
Account_143,1000000143,143,Credit,Active,Unit_3,User_143,2024-07-17,5709.23
Account_128,1000000128,128,Loan,Closed,Unit_2,User_128,2024-01-27,2675.8
Account_28,1000000028,28,Credit,Closed,Unit_1,User_28,2024-12-14,2967.36
Account_87,1000000087,87,Loan,Inactive,Unit_3,User_87,2024-09-12,4744.39
Account_153,1000000153,153,Credit,Inactive,Unit_2,User_153,2024-03-27,268.26
Account_224,1000000224,224,Checking,Closed,Unit_2,User_224,2024-03-09,4897.42
Account_164,1000000164,164,Loan,Closed,Unit_1,User_164,2024-04-29,4171.24
Account_111,1000000111,111,Savings,Closed,Unit_2,User_111,2024-11-18,9040.71
Account_268,1000000268,268,Savings,Inactive,Unit_3,User_268,2024-01-15,9128.13
Account_254,1000000254,254,Loan,Inactive,Unit_1,User_254,2024-07-13,2240.41
Account_394,1000000394,394,Checking,Closed,Unit_1,User_394,2024-08-17,9043.07
Account_243,1000000243,243,Checking,Active,Unit_3,User_243,2024-06-04,9992.54
Account_304,1000000304,304,Savings,Inactive,Unit_3,User_304,2024-07-31,2797.75
Account_275,1000000275,275,Checking,Inactive,Unit_3,User_275,2024-05-07,6596.46
Account_207,1000000207,207,Loan,Inactive,Unit_2,User_207,2024-06-08,4411.24
Account_333,1000000333,333,Checking,Closed,Unit_2,User_333,2024-08-01,9393.35
Account_138,1000000138,138,Savings,Inactive,Unit_3,User_138,2024-07-16,416.62
Account_15,1000000015,15,Savings,Inactive,Unit_1,User_15,2024-04-08,206
Account_62,1000000062,62,Savings,Active,Unit_1,User_62,2024-07-10,1866.83
Account_379,1000000379,379,Savings,Inactive,Unit_1,User_379,2024-03-28,3523.12
Account_13,1000000013,13,Loan,Closed,Unit_3,User_13,2024-06-14,4698.15
Account_454,1000000454,454,Credit,Closed,Unit_3,User_454,2024-11-16,8073.7
Account_256,1000000256,256,Savings,Closed,Unit_1,User_256,2024-04-09,1789.34
Account_349,1000000349,349,Savings,Closed,Unit_2,User_349,2024-03-17,7240.21
Account_431,1000000431,431,Checking,Active,Unit_3,User_431,2024-02-21,5090.47
Account_419,1000000419,419,Checking,Inactive,Unit_1,User_419,2024-06-12,833.82
Account_225,1000000225,225,Credit,Inactive,Unit_3,User_225,2024-06-01,3246.95
Account_105,1000000105,105,Checking,Inactive,Unit_3,User_105,2024-01-10,3355.4
Account_405,1000000405,405,Checking,Active,Unit_1,User_405,2024-05-25,8618.1
Account_45,1000000045,45,Loan,Inactive,Unit_2,User_45,2024-11-24,9883.58
Account_239,1000000239,239,Loan,Inactive,Unit_2,User_239,2024-03-30,2098.26
Account_133,1000000133,133,Checking,Active,Unit_1,User_133,2024-06-08,7546.7
Account_45,1000000045,45,Savings,Inactive,Unit_2,User_45,2024-02-26,9883.58
Account_378,1000000378,378,Credit,Closed,Unit_2,User_378,2024-01-06,5136.22
Account_172,1000000172,172,Credit,Closed,Unit_2,User_172,2024-08-18,1507.97
Account_357,1000000357,357,Checking,Inactive,Unit_1,User_357,2024-06-18,8169.31
Account_234,1000000234,234,Loan,Active,Unit_2,User_234,2024-09-02,5130.76
Account_262,1000000262,262,Checking,Closed,Unit_1,User_262,2024-09-12,3110.2
Account_429,1000000429,429,Savings,Closed,Unit_3,User_429,2024-08-10,2663.65
Account_207,1000000207,207,Loan,Inactive,Unit_2,User_207,2024-04-30,4411.24
Account_321,1000000321,321,Savings,Closed,Unit_1,User_321,2024-07-18,5106.16
Account_484,1000000484,484,Credit,Inactive,Unit_2,User_484,2024-05-16,9240.21
Account_307,1000000307,307,Credit,Closed,Unit_1,User_307,2024-08-08,329.61
Account_468,1000000468,468,Savings,Active,Unit_2,User_468,2024-10-08,4368.33
Account_124,1000000124,124,Checking,Inactive,Unit_1,User_124,2024-10-03,5404.85
Account_95,1000000095,95,Loan,Inactive,Unit_2,User_95,2024-08-19,7035.13
Account_88,1000000088,88,Credit,Active,Unit_1,User_88,2024-11-06,4801.34
Account_150,1000000150,150,Checking,Inactive,Unit_1,User_150,2024-01-14,3481.93
Account_149,1000000149,149,Checking,Active,Unit_3,User_149,2024-12-14,6047.22
Account_248,1000000248,248,Savings,Closed,Unit_1,User_248,2024-06-17,2493.92
Account_100,1000000100,100,Credit,Inactive,Unit_3,User_100,2024-09-06,6332.94
Account_409,1000000409,409,Savings,Inactive,Unit_3,User_409,2024-10-01,8850.3
Account_181,1000000181,181,Loan,Closed,Unit_1,User_181,2024-03-22,9300.78
Account_141,1000000141,141,Loan,Closed,Unit_1,User_141,2024-02-17,7322.74
Account_28,1000000028,28,Credit,Closed,Unit_1,User_28,2024-08-23,2967.36
Account_146,1000000146,146,Savings,Active,Unit_2,User_146,2024-08-19,5655.72
Account_323,1000000323,323,Checking,Inactive,Unit_1,User_323,2024-06-11,6113.22
Account_1,1000000001,1,Savings,Active,Unit_3,User_1,2024-02-13,7357.35
Account_2,1000000002,2,Savings,Inactive,Unit_2,User_2,2024-09-02,9818.85
Account_379,1000000379,379,Savings,Inactive,Unit_1,User_379,2024-03-28,3523.12
Account_500,1000000500,500,Credit,Closed,Unit_3,User_500,2024-08-21,1487.05
Account_476,1000000476,476,Savings,Closed,Unit_3,User_476,2024-08-24,6908.73
Account_245,1000000245,245,Checking,Inactive,Unit_2,User_245,2024-06-26,7173.62
Account_228,1000000228,228,Checking,Inactive,Unit_1,User_228,2024-08-23,9509
Account_416,1000000416,416,Checking,Inactive,Unit_1,User_416,2024-07-18,8873.57
Account_152,1000000152,152,Credit,Closed,Unit_3,User_152,2024-10-30,2299.8
Account_450,1000000450,450,Checking,Closed,Unit_1,User_450,2024-02-17,8311.92
Account_71,1000000071,71,Loan,Closed,Unit_1,User_71,2024-02-02,7061.83
Account_455,1000000455,455,Savings,Closed,Unit_1,User_455,2024-05-03,6720.4
Account_141,1000000141,141,Credit,Closed,Unit_1,User_141,2024-11-18,7322.74
Account_223,1000000223,223,Credit,Active,Unit_1,User_223,2024-02-18,9288.45
Account_320,1000000320,320,Checking,Inactive,Unit_2,User_320,2024-03-13,7603.33
Account_27,1000000027,27,Checking,Closed,Unit_1,User_27,2024-05-22,2630.09
Account_425,1000000425,425,Checking,Inactive,Unit_2,User_425,2024-01-25,8860.47
Account_487,1000000487,487,Credit,Active,Unit_1,User_487,2024-09-10,6484.28
Account_283,1000000283,283,Savings,Inactive,Unit_2,User_283,2024-01-28,9409.48
Account_253,1000000253,253,Savings,Closed,Unit_1,User_253,2024-05-18,1947.58
Account_490,1000000490,490,Credit,Closed,Unit_1,User_490,2024-02-06,6994.1
Account_451,1000000451,451,Loan,Closed,Unit_1,User_451,2024-03-21,6862.91
Account_52,1000000052,52,Checking,Closed,Unit_2,User_52,2024-06-21,8215.7
Account_372,1000000372,372,Credit,Active,Unit_2,User_372,2024-08-29,1784.23
Account_195,1000000195,195,Savings,Inactive,Unit_2,User_195,2024-03-04,2818.52
Account_145,1000000145,145,Checking,Inactive,Unit_1,User_145,2024-03-07,4381.97
Account_278,1000000278,278,Loan,Active,Unit_1,User_278,2024-08-03,2391.32
Account_430,1000000430,430,Savings,Inactive,Unit_2,User_430,2024-06-02,8663.28
Account_290,1000000290,290,Loan,Active,Unit_2,User_290,2024-05-28,676.37
Account_86,1000000086,86,Savings,Inactive,Unit_2,User_86,2024-08-07,8873.1
Account_23,1000000023,23,Loan,Closed,Unit_1,User_23,2024-06-23,593.49
Account_378,1000000378,378,Checking,Closed,Unit_2,User_378,2024-05-31,5136.22
Account_488,1000000488,488,Loan,Closed,Unit_1,User_488,2024-05-13,9763.89
Account_10,1000000010,10,Checking,Closed,Unit_3,User_10,2024-08-12,9452
Account_86,1000000086,86,Checking,Inactive,Unit_2,User_86,2024-01-19,8873.1
Account_350,1000000350,350,Savings,Closed,Unit_1,User_350,2024-09-13,9225.15
Account_491,1000000491,491,Savings,Closed,Unit_1,User_491,2024-12-17,2567.55
Account_114,1000000114,114,Loan,Closed,Unit_3,User_114,2024-11-14,4630.83
Account_283,1000000283,283,Savings,Inactive,Unit_2,User_283,2024-06-21,9409.48
Account_159,1000000159,159,Savings,Active,Unit_2,User_159,2024-02-09,9795.31
Account_27,1000000027,27,Savings,Closed,Unit_1,User_27,2024-05-19,2630.09
Account_374,1000000374,374,Savings,Inactive,Unit_1,User_374,2024-11-26,3189.55
Account_249,1000000249,249,Checking,Closed,Unit_2,User_249,2024-04-20,2654.52
Account_315,1000000315,315,Savings,Active,Unit_3,User_315,2024-12-02,8832.85
Account_164,1000000164,164,Checking,Closed,Unit_1,User_164,2024-10-18,4171.24
Account_137,1000000137,137,Savings,Inactive,Unit_3,User_137,2024-01-08,6170.37
Account_336,1000000336,336,Checking,Closed,Unit_3,User_336,2024-12-02,9499.36
Account_448,1000000448,448,Loan,Closed,Unit_3,User_448,2024-04-10,3090.02
Account_182,1000000182,182,Credit,Closed,Unit_1,User_182,2024-02-11,9991.6
Account_222,1000000222,222,Checking,Active,Unit_2,User_222,2024-12-12,1527.96
Account_246,1000000246,246,Loan,Inactive,Unit_2,User_246,2024-12-03,4016.9
Account_411,1000000411,411,Checking,Active,Unit_3,User_411,2024-12-28,1434.92
Account_218,1000000218,218,Savings,Active,Unit_3,User_218,2024-11-04,6322.52
Account_16,1000000016,16,Credit,Inactive,Unit_2,User_16,2024-05-13,7610.17
Account_114,1000000114,114,Loan,Closed,Unit_3,User_114,2024-12-08,4630.83
Account_457,1000000457,457,Savings,Inactive,Unit_3,User_457,2024-06-14,2305.69
Account_239,1000000239,239,Checking,Inactive,Unit_2,User_239,2024-11-06,2098.26
Account_383,1000000383,383,Savings,Active,Unit_3,User_383,2024-03-19,211.28
Account_498,1000000498,498,Checking,Inactive,Unit_3,User_498,2024-03-01,7525.66
Account_235,1000000235,235,Savings,Inactive,Unit_2,User_235,2024-03-30,6087.07
Account_183,1000000183,183,Checking,Inactive,Unit_1,User_183,2024-07-26,8482.52
Account_87,1000000087,87,Credit,Inactive,Unit_3,User_87,2024-02-28,4744.39
Account_41,1000000041,41,Savings,Closed,Unit_1,User_41,2024-06-11,1512.51
Account_12,1000000012,12,Loan,Closed,Unit_1,User_12,2024-02-28,5530.58
Account_268,1000000268,268,Loan,Inactive,Unit_3,User_268,2024-03-10,9128.13
Account_367,1000000367,367,Loan,Inactive,Unit_3,User_367,2024-06-03,5301.48
Account_263,1000000263,263,Credit,Active,Unit_3,User_263,2024-07-18,5301.99
Account_201,1000000201,201,Credit,Inactive,Unit_1,User_201,2024-08-03,3531.35
Account_303,1000000303,303,Loan,Closed,Unit_3,User_303,2024-09-17,856.08
Account_34,1000000034,34,Savings,Closed,Unit_3,User_34,2024-08-02,5650.9
Account_299,1000000299,299,Credit,Active,Unit_1,User_299,2024-01-24,9135.36
Account_476,1000000476,476,Checking,Closed,Unit_3,User_476,2024-03-18,6908.73
Account_207,1000000207,207,Checking,Inactive,Unit_2,User_207,2024-02-28,4411.24
Account_197,1000000197,197,Credit,Active,Unit_3,User_197,2024-01-09,2281.52
Account_106,1000000106,106,Loan,Closed,Unit_1,User_106,2024-12-05,5212.16
Account_44,1000000044,44,Credit,Inactive,Unit_3,User_44,2024-06-06,4608.31
Account_208,1000000208,208,Credit,Closed,Unit_3,User_208,2024-02-16,2717.55
Account_469,1000000469,469,Checking,Inactive,Unit_2,User_469,2024-01-31,5116.92
Account_375,1000000375,375,Loan,Inactive,Unit_2,User_375,2024-10-04,5229.16
Account_207,1000000207,207,Savings,Inactive,Unit_2,User_207,2024-09-16,4411.24
Account_325,1000000325,325,Checking,Closed,Unit_3,User_325,2024-09-09,7283.32
Account_312,1000000312,312,Checking,Inactive,Unit_2,User_312,2024-11-06,4481.14
Account_206,1000000206,206,Savings,Closed,Unit_3,User_206,2024-04-26,5425.48
Account_11,1000000011,11,Checking,Active,Unit_1,User_11,2024-01-14,7944.89
Account_201,1000000201,201,Checking,Inactive,Unit_1,User_201,2024-06-18,3531.35
Account_57,1000000057,57,Credit,Active,Unit_2,User_57,2024-10-21,5661.21
Account_254,1000000254,254,Savings,Inactive,Unit_1,User_254,2024-09-06,2240.41
Account_265,1000000265,265,Checking,Closed,Unit_3,User_265,2024-02-03,8809.78
Account_303,1000000303,303,Savings,Closed,Unit_3,User_303,2024-07-11,856.08
Account_138,1000000138,138,Savings,Inactive,Unit_3,User_138,2024-02-01,416.62
Account_146,1000000146,146,Savings,Active,Unit_2,User_146,2024-06-22,5655.72
Account_86,1000000086,86,Credit,Inactive,Unit_2,User_86,2024-08-17,8873.1
Account_78,1000000078,78,Credit,Active,Unit_1,User_78,2024-11-26,9186.89
Account_322,1000000322,322,Savings,Inactive,Unit_1,User_322,2024-10-28,5758.24
Account_124,1000000124,124,Savings,Inactive,Unit_1,User_124,2024-08-17,5404.85
Account_339,1000000339,339,Credit,Active,Unit_2,User_339,2024-02-23,6184.89
Account_246,1000000246,246,Loan,Inactive,Unit_2,User_246,2024-02-05,4016.9
Account_31,1000000031,31,Credit,Active,Unit_1,User_31,2024-08-16,3980.01
Account_441,1000000441,441,Loan,Closed,Unit_1,User_441,2024-07-30,5676.5
Account_236,1000000236,236,Loan,Inactive,Unit_3,User_236,2024-02-15,2947.81
Account_429,1000000429,429,Loan,Closed,Unit_3,User_429,2024-07-06,2663.65
Account_64,1000000064,64,Checking,Closed,Unit_3,User_64,2024-08-08,7244.45
Account_345,1000000345,345,Loan,Closed,Unit_3,User_345,2024-12-25,2006.69
Account_375,1000000375,375,Savings,Inactive,Unit_2,User_375,2024-07-10,5229.16
Account_334,1000000334,334,Savings,Closed,Unit_2,User_334,2024-01-28,7256.79
Account_415,1000000415,415,Savings,Inactive,Unit_2,User_415,2024-10-30,6862.94
Account_147,1000000147,147,Credit,Closed,Unit_3,User_147,2024-08-26,8300.39
Account_221,1000000221,221,Checking,Closed,Unit_1,User_221,2024-06-28,2990.92
Account_190,1000000190,190,Loan,Closed,Unit_3,User_190,2024-10-13,3088.13
Account_430,1000000430,430,Checking,Inactive,Unit_2,User_430,2024-11-12,8663.28
Account_179,1000000179,179,Credit,Closed,Unit_2,User_179,2024-12-25,6187.45
Account_467,1000000467,467,Savings,Inactive,Unit_2,User_467,2024-12-24,9567.46
Account_179,1000000179,179,Savings,Closed,Unit_2,User_179,2024-12-26,6187.45
Account_146,1000000146,146,Savings,Active,Unit_2,User_146,2024-05-30,5655.72
Account_84,1000000084,84,Loan,Closed,Unit_3,User_84,2024-05-14,1454.97
Account_282,1000000282,282,Checking,Closed,Unit_2,User_282,2024-01-25,3554.8
Account_154,1000000154,154,Credit,Inactive,Unit_1,User_154,2024-01-07,2192.16
Account_80,1000000080,80,Credit,Closed,Unit_3,User_80,2024-04-15,7864.41
Account_125,1000000125,125,Credit,Closed,Unit_1,User_125,2024-03-03,6340.06
Account_101,1000000101,101,Checking,Active,Unit_2,User_101,2024-02-26,253.93
Account_499,1000000499,499,Loan,Active,Unit_1,User_499,2024-07-30,8596.91
Account_198,1000000198,198,Savings,Active,Unit_2,User_198,2024-04-27,5105.05
Account_17,1000000017,17,Checking,Active,Unit_2,User_17,2024-07-06,1188.23
Account_328,1000000328,328,Checking,Inactive,Unit_3,User_328,2024-01-22,3744.24
Account_286,1000000286,286,Savings,Inactive,Unit_3,User_286,2024-10-05,145.94
Account_387,1000000387,387,Savings,Active,Unit_2,User_387,2024-01-20,1702.54
Account_72,1000000072,72,Checking,Inactive,Unit_2,User_72,2024-02-11,6887.8
Account_457,1000000457,457,Checking,Inactive,Unit_3,User_457,2024-12-30,2305.69
Account_257,1000000257,257,Loan,Inactive,Unit_1,User_257,2024-10-06,3173.56
Account_14,1000000014,14,Credit,Active,Unit_3,User_14,2024-01-10,9448.39
Account_463,1000000463,463,Checking,Active,Unit_2,User_463,2024-11-30,207.91
Account_381,1000000381,381,Credit,Active,Unit_2,User_381,2024-05-27,2813.88
Account_311,1000000311,311,Credit,Inactive,Unit_1,User_311,2024-08-15,1262.42
Account_243,1000000243,243,Credit,Active,Unit_3,User_243,2024-02-21,9992.54
Account_406,1000000406,406,Credit,Closed,Unit_2,User_406,2024-03-25,2918.58
Account_452,1000000452,452,Checking,Inactive,Unit_3,User_452,2024-05-01,2079.35
Account_391,1000000391,391,Loan,Closed,Unit_2,User_391,2024-06-24,3262.79
Account_85,1000000085,85,Savings,Closed,Unit_1,User_85,2024-03-19,9743.57
Account_222,1000000222,222,Credit,Active,Unit_2,User_222,2024-08-25,1527.96
Account_403,1000000403,403,Savings,Inactive,Unit_1,User_403,2024-10-02,1926.92
Account_354,1000000354,354,Savings,Active,Unit_2,User_354,2024-04-17,255.87
Account_54,1000000054,54,Loan,Inactive,Unit_2,User_54,2024-07-29,6274.43
Account_53,1000000053,53,Savings,Closed,Unit_1,User_53,2024-11-19,6383.14
Account_106,1000000106,106,Savings,Closed,Unit_1,User_106,2024-09-30,5212.16
Account_158,1000000158,158,Credit,Closed,Unit_1,User_158,2024-06-18,6405.4
Account_450,1000000450,450,Credit,Closed,Unit_1,User_450,2024-07-03,8311.92
Account_315,1000000315,315,Credit,Active,Unit_3,User_315,2024-08-12,8832.85
Account_242,1000000242,242,Credit,Inactive,Unit_1,User_242,2024-01-15,5197.41
Account_239,1000000239,239,Checking,Inactive,Unit_2,User_239,2024-03-28,2098.26
Account_346,1000000346,346,Credit,Inactive,Unit_2,User_346,2024-09-12,1147.82
Account_219,1000000219,219,Savings,Inactive,Unit_2,User_219,2024-12-26,677.57
Account_105,1000000105,105,Checking,Inactive,Unit_3,User_105,2024-10-29,3355.4
Account_498,1000000498,498,Savings,Inactive,Unit_3,User_498,2024-09-02,7525.66
Account_323,1000000323,323,Savings,Inactive,Unit_1,User_323,2024-10-01,6113.22
Account_437,1000000437,437,Credit,Closed,Unit_3,User_437,2024-04-12,3227.72
Account_210,1000000210,210,Checking,Closed,Unit_2,User_210,2024-04-28,9745.5
Account_442,1000000442,442,Savings,Closed,Unit_3,User_442,2024-12-15,1301.45
Account_434,1000000434,434,Savings,Inactive,Unit_3,User_434,2024-04-05,3332.39
Account_338,1000000338,338,Savings,Closed,Unit_1,User_338,2024-07-17,9567.97
Account_219,1000000219,219,Credit,Inactive,Unit_2,User_219,2024-01-05,677.57
Account_6,1000000006,6,Savings,Inactive,Unit_2,User_6,2024-10-16,6424.31
Account_214,1000000214,214,Savings,Inactive,Unit_1,User_214,2024-10-24,8585.97
Account_256,1000000256,256,Checking,Closed,Unit_1,User_256,2024-01-18,1789.34
Account_489,1000000489,489,Loan,Inactive,Unit_3,User_489,2024-06-06,1133.25
Account_458,1000000458,458,Loan,Closed,Unit_1,User_458,2024-08-28,9664.33
Account_162,1000000162,162,Savings,Inactive,Unit_2,User_162,2024-07-04,6455.22
Account_300,1000000300,300,Checking,Inactive,Unit_3,User_300,2024-01-18,2647.66
Account_76,1000000076,76,Checking,Closed,Unit_3,User_76,2024-12-29,450.98
Account_304,1000000304,304,Savings,Inactive,Unit_3,User_304,2024-10-22,2797.75
Account_88,1000000088,88,Credit,Active,Unit_1,User_88,2024-05-19,4801.34
Account_472,1000000472,472,Loan,Active,Unit_3,User_472,2024-07-21,3040.19
Account_233,1000000233,233,Credit,Closed,Unit_2,User_233,2024-07-28,5654.02
Account_21,1000000021,21,Credit,Inactive,Unit_1,User_21,2024-09-30,3176.98
Account_102,1000000102,102,Loan,Active,Unit_3,User_102,2024-07-28,2822.85
Account_292,1000000292,292,Credit,Active,Unit_2,User_292,2024-01-23,6521.77
Account_216,1000000216,216,Savings,Active,Unit_2,User_216,2024-10-21,112.57
Account_74,1000000074,74,Checking,Active,Unit_2,User_74,2024-07-14,7943.47
Account_254,1000000254,254,Loan,Inactive,Unit_1,User_254,2024-12-25,2240.41
Account_378,1000000378,378,Loan,Closed,Unit_2,User_378,2024-02-15,5136.22
Account_132,1000000132,132,Savings,Inactive,Unit_1,User_132,2024-04-14,7792.66
Account_297,1000000297,297,Checking,Inactive,Unit_3,User_297,2024-06-04,2968.25
Account_410,1000000410,410,Loan,Closed,Unit_2,User_410,2024-09-27,4463.6
Account_410,1000000410,410,Savings,Closed,Unit_2,User_410,2024-01-11,4463.6
Account_102,1000000102,102,Loan,Active,Unit_3,User_102,2024-11-25,2822.85
Account_446,1000000446,446,Credit,Closed,Unit_3,User_446,2024-07-18,9597.78
Account_185,1000000185,185,Loan,Closed,Unit_1,User_185,2024-01-24,3217.33
Account_188,1000000188,188,Credit,Closed,Unit_2,User_188,2024-06-15,3146.42
Account_172,1000000172,172,Checking,Closed,Unit_2,User_172,2024-05-11,1507.97
Account_295,1000000295,295,Checking,Active,Unit_1,User_295,2024-07-26,3102.65
Account_266,1000000266,266,Checking,Closed,Unit_2,User_266,2024-08-11,7972.34
Account_253,1000000253,253,Loan,Closed,Unit_1,User_253,2024-10-27,1947.58
Account_493,1000000493,493,Savings,Active,Unit_2,User_493,2024-12-02,4255.87
Account_178,1000000178,178,Credit,Closed,Unit_2,User_178,2024-09-27,3122.57
Account_97,1000000097,97,Savings,Closed,Unit_1,User_97,2024-08-20,3703.53
Account_145,1000000145,145,Loan,Inactive,Unit_1,User_145,2024-01-18,4381.97
Account_409,1000000409,409,Checking,Inactive,Unit_3,User_409,2024-05-09,8850.3
Account_211,1000000211,211,Credit,Active,Unit_3,User_211,2024-05-04,7531.2
Account_435,1000000435,435,Checking,Closed,Unit_1,User_435,2024-03-31,4427.88
Account_102,1000000102,102,Checking,Active,Unit_3,User_102,2024-03-11,2822.85
Account_493,1000000493,493,Savings,Active,Unit_2,User_493,2024-06-23,4255.87
Account_1,1000000001,1,Savings,Active,Unit_3,User_1,2024-07-14,7357.35
Account_157,1000000157,157,Credit,Closed,Unit_3,User_157,2024-02-13,7538.04
Account_66,1000000066,66,Credit,Closed,Unit_3,User_66,2024-10-24,5078.29
Account_181,1000000181,181,Savings,Closed,Unit_1,User_181,2024-04-17,9300.78
Account_472,1000000472,472,Loan,Active,Unit_3,User_472,2024-01-31,3040.19
Account_344,1000000344,344,Loan,Closed,Unit_1,User_344,2024-06-03,7658.7
Account_247,1000000247,247,Loan,Active,Unit_2,User_247,2024-08-28,2690.63
Account_463,1000000463,463,Savings,Active,Unit_2,User_463,2024-05-07,207.91
Account_174,1000000174,174,Credit,Active,Unit_1,User_174,2024-01-17,5824.65
Account_292,1000000292,292,Loan,Active,Unit_2,User_292,2024-09-08,6521.77
Account_231,1000000231,231,Credit,Active,Unit_2,User_231,2024-03-22,4596.13
Account_321,1000000321,321,Credit,Closed,Unit_1,User_321,2024-09-26,5106.16
Account_199,1000000199,199,Savings,Closed,Unit_1,User_199,2024-04-05,9764.66
Account_118,1000000118,118,Loan,Inactive,Unit_2,User_118,2024-11-22,8960.92
Account_72,1000000072,72,Savings,Inactive,Unit_2,User_72,2024-12-04,6887.8
Account_114,1000000114,114,Checking,Closed,Unit_3,User_114,2024-07-07,4630.83
Account_405,1000000405,405,Savings,Active,Unit_1,User_405,2024-02-13,8618.1
Account_247,1000000247,247,Loan,Active,Unit_2,User_247,2024-12-21,2690.63
Account_62,1000000062,62,Savings,Active,Unit_1,User_62,2024-09-11,1866.83
Account_118,1000000118,118,Checking,Inactive,Unit_2,User_118,2024-05-18,8960.92
Account_369,1000000369,369,Credit,Inactive,Unit_2,User_369,2024-05-23,9213.93
Account_55,1000000055,55,Credit,Closed,Unit_3,User_55,2024-06-05,7705.28
Account_322,1000000322,322,Credit,Inactive,Unit_1,User_322,2024-04-12,5758.24
Account_406,1000000406,406,Credit,Closed,Unit_2,User_406,2024-07-18,2918.58
Account_199,1000000199,199,Checking,Closed,Unit_1,User_199,2024-02-23,9764.66
Account_424,1000000424,424,Savings,Inactive,Unit_3,User_424,2024-07-25,7054.45
Account_271,1000000271,271,Checking,Active,Unit_3,User_271,2024-08-31,9719.05
Account_367,1000000367,367,Loan,Inactive,Unit_3,User_367,2024-09-24,5301.48
Account_309,1000000309,309,Savings,Closed,Unit_2,User_309,2024-10-04,8574.25
Account_434,1000000434,434,Loan,Inactive,Unit_3,User_434,2024-01-22,3332.39
Account_481,1000000481,481,Savings,Closed,Unit_2,User_481,2024-08-02,9229.29
Account_353,1000000353,353,Loan,Inactive,Unit_3,User_353,2024-03-11,7254.21
Account_130,1000000130,130,Credit,Inactive,Unit_2,User_130,2024-06-18,9213.89
Account_484,1000000484,484,Savings,Inactive,Unit_2,User_484,2024-07-18,9240.21
Account_448,1000000448,448,Loan,Closed,Unit_3,User_448,2024-05-10,3090.02
Account_179,1000000179,179,Checking,Closed,Unit_2,User_179,2024-05-12,6187.45
Account_97,1000000097,97,Savings,Closed,Unit_1,User_97,2024-01-07,3703.53
Account_288,1000000288,288,Loan,Inactive,Unit_1,User_288,2024-06-21,2003.85
Account_451,1000000451,451,Loan,Closed,Unit_1,User_451,2024-01-13,6862.91
Account_208,1000000208,208,Credit,Closed,Unit_3,User_208,2024-01-24,2717.55
Account_173,1000000173,173,Checking,Active,Unit_3,User_173,2024-04-28,5314.31
Account_133,1000000133,133,Checking,Active,Unit_1,User_133,2024-05-16,7546.7
Account_89,1000000089,89,Savings,Inactive,Unit_1,User_89,2024-02-09,4321.88
Account_360,1000000360,360,Checking,Inactive,Unit_2,User_360,2024-01-21,221.68
Account_364,1000000364,364,Loan,Active,Unit_2,User_364,2024-10-09,9657.65
Account_397,1000000397,397,Savings,Active,Unit_1,User_397,2024-07-08,4770.63
Account_392,1000000392,392,Loan,Active,Unit_1,User_392,2024-03-04,304.57
Account_355,1000000355,355,Credit,Inactive,Unit_3,User_355,2024-04-26,7228.63
Account_429,1000000429,429,Loan,Closed,Unit_3,User_429,2024-07-20,2663.65
Account_260,1000000260,260,Savings,Closed,Unit_2,User_260,2024-12-25,779.33
Account_134,1000000134,134,Checking,Closed,Unit_1,User_134,2024-07-29,1732.09
Account_480,1000000480,480,Checking,Inactive,Unit_1,User_480,2024-05-06,5128.72
Account_318,1000000318,318,Loan,Inactive,Unit_1,User_318,2024-01-10,7551.72
Account_16,1000000016,16,Checking,Inactive,Unit_2,User_16,2024-12-17,7610.17
Account_125,1000000125,125,Credit,Closed,Unit_1,User_125,2024-04-12,6340.06
Account_167,1000000167,167,Checking,Inactive,Unit_1,User_167,2024-01-06,8788.89
Account_293,1000000293,293,Credit,Closed,Unit_2,User_293,2024-01-22,5018.69
Account_212,1000000212,212,Checking,Closed,Unit_2,User_212,2024-08-16,4963.37
Account_297,1000000297,297,Credit,Inactive,Unit_3,User_297,2024-09-12,2968.25
Account_343,1000000343,343,Checking,Inactive,Unit_1,User_343,2024-09-20,432.61
Account_244,1000000244,244,Loan,Inactive,Unit_3,User_244,2024-04-28,1298.38
Account_41,1000000041,41,Credit,Closed,Unit_1,User_41,2024-12-26,1512.51
Account_86,1000000086,86,Loan,Inactive,Unit_2,User_86,2024-06-02,8873.1
Account_251,1000000251,251,Credit,Inactive,Unit_1,User_251,2024-10-07,3351.75
Account_492,1000000492,492,Credit,Inactive,Unit_2,User_492,2024-01-21,928.78
Account_25,1000000025,25,Loan,Active,Unit_3,User_25,2024-05-09,5473.9
Account_442,1000000442,442,Checking,Closed,Unit_3,User_442,2024-08-09,1301.45
Account_402,1000000402,402,Credit,Inactive,Unit_2,User_402,2024-04-08,2132.08
Account_345,1000000345,345,Credit,Closed,Unit_3,User_345,2024-01-16,2006.69
Account_167,1000000167,167,Loan,Inactive,Unit_1,User_167,2024-02-06,8788.89
Account_218,1000000218,218,Loan,Active,Unit_3,User_218,2024-04-29,6322.52
Account_446,1000000446,446,Loan,Closed,Unit_3,User_446,2024-01-02,9597.78
Account_76,1000000076,76,Loan,Closed,Unit_3,User_76,2024-06-02,450.98
Account_419,1000000419,419,Checking,Inactive,Unit_1,User_419,2024-08-21,833.82
Account_119,1000000119,119,Checking,Active,Unit_3,User_119,2024-10-17,8185.52
Account_386,1000000386,386,Checking,Inactive,Unit_1,User_386,2024-04-16,7828.93
Account_436,1000000436,436,Credit,Active,Unit_3,User_436,2024-03-25,1099.9
Account_167,1000000167,167,Checking,Inactive,Unit_1,User_167,2024-06-24,8788.89
Account_93,1000000093,93,Credit,Inactive,Unit_3,User_93,2024-08-08,3894.55
Account_122,1000000122,122,Credit,Closed,Unit_2,User_122,2024-04-24,295.05
Account_50,1000000050,50,Savings,Closed,Unit_3,User_50,2024-10-22,7024.42
Account_463,1000000463,463,Savings,Active,Unit_2,User_463,2024-08-01,207.91
Account_242,1000000242,242,Loan,Inactive,Unit_1,User_242,2024-07-04,5197.41
Account_326,1000000326,326,Loan,Inactive,Unit_2,User_326,2024-12-19,2028.05
Account_193,1000000193,193,Credit,Inactive,Unit_1,User_193,2024-10-25,585.46
Account_131,1000000131,131,Credit,Active,Unit_1,User_131,2024-04-05,1503.58
Account_495,1000000495,495,Checking,Active,Unit_2,User_495,2024-07-01,9997.3
Account_211,1000000211,211,Loan,Active,Unit_3,User_211,2024-08-29,7531.2
Account_432,1000000432,432,Loan,Active,Unit_1,User_432,2024-02-03,5001.84
Account_107,1000000107,107,Credit,Closed,Unit_1,User_107,2024-07-09,9481.86
Account_337,1000000337,337,Savings,Active,Unit_3,User_337,2024-04-11,6617.07
Account_406,1000000406,406,Checking,Closed,Unit_2,User_406,2024-12-21,2918.58
Account_480,1000000480,480,Savings,Inactive,Unit_1,User_480,2024-11-26,5128.72
Account_126,1000000126,126,Savings,Inactive,Unit_3,User_126,2024-06-03,4419.17
Account_464,1000000464,464,Loan,Closed,Unit_3,User_464,2024-01-09,2206.72
Account_290,1000000290,290,Credit,Active,Unit_2,User_290,2024-03-19,676.37
Account_106,1000000106,106,Savings,Closed,Unit_1,User_106,2024-04-03,5212.16
Account_290,1000000290,290,Loan,Active,Unit_2,User_290,2024-11-24,676.37
Account_195,1000000195,195,Checking,Inactive,Unit_2,User_195,2024-09-03,2818.52
Account_185,1000000185,185,Savings,Closed,Unit_1,User_185,2024-02-13,3217.33
Account_229,1000000229,229,Credit,Inactive,Unit_1,User_229,2024-10-23,3270.65
Account_192,1000000192,192,Savings,Closed,Unit_3,User_192,2024-07-17,3637.35
Account_378,1000000378,378,Checking,Closed,Unit_2,User_378,2024-08-04,5136.22
Account_145,1000000145,145,Savings,Inactive,Unit_1,User_145,2024-04-15,4381.97
Account_391,1000000391,391,Checking,Closed,Unit_2,User_391,2024-03-05,3262.79
Account_6,1000000006,6,Loan,Inactive,Unit_2,User_6,2024-02-25,6424.31
Account_344,1000000344,344,Checking,Closed,Unit_1,User_344,2024-11-10,7658.7
Account_446,1000000446,446,Credit,Closed,Unit_3,User_446,2024-08-26,9597.78
Account_348,1000000348,348,Savings,Closed,Unit_2,User_348,2024-06-27,3973.85
Account_321,1000000321,321,Credit,Closed,Unit_1,User_321,2024-05-04,5106.16
Account_103,1000000103,103,Loan,Closed,Unit_3,User_103,2024-03-19,5686.47
Account_353,1000000353,353,Loan,Inactive,Unit_3,User_353,2024-11-09,7254.21
Account_457,1000000457,457,Savings,Inactive,Unit_3,User_457,2024-04-19,2305.69
Account_12,1000000012,12,Loan,Closed,Unit_1,User_12,2024-07-05,5530.58
Account_122,1000000122,122,Savings,Closed,Unit_2,User_122,2024-07-22,295.05
Account_389,1000000389,389,Credit,Active,Unit_3,User_389,2024-05-03,4927.16
Account_57,1000000057,57,Loan,Active,Unit_2,User_57,2024-08-21,5661.21
Account_339,1000000339,339,Savings,Active,Unit_2,User_339,2024-10-23,6184.89
Account_78,1000000078,78,Loan,Active,Unit_1,User_78,2024-04-14,9186.89
Account_176,1000000176,176,Savings,Active,Unit_2,User_176,2024-09-28,8243.73
Account_481,1000000481,481,Credit,Closed,Unit_2,User_481,2024-08-11,9229.29
Account_435,1000000435,435,Loan,Closed,Unit_1,User_435,2024-12-20,4427.88
Account_129,1000000129,129,Checking,Inactive,Unit_3,User_129,2024-12-17,6771.87
Account_122,1000000122,122,Loan,Closed,Unit_2,User_122,2024-05-17,295.05
Account_203,1000000203,203,Loan,Closed,Unit_3,User_203,2024-02-24,5860.83
Account_229,1000000229,229,Savings,Inactive,Unit_1,User_229,2024-03-29,3270.65
Account_277,1000000277,277,Credit,Active,Unit_2,User_277,2024-01-26,4079.7
Account_142,1000000142,142,Loan,Active,Unit_3,User_142,2024-05-21,6143.7
Account_6,1000000006,6,Loan,Inactive,Unit_2,User_6,2024-12-05,6424.31
Account_332,1000000332,332,Loan,Closed,Unit_1,User_332,2024-02-11,5959.16
Account_109,1000000109,109,Savings,Closed,Unit_1,User_109,2024-09-06,4984.77
Account_415,1000000415,415,Credit,Inactive,Unit_2,User_415,2024-12-16,6862.94
Account_380,1000000380,380,Loan,Inactive,Unit_1,User_380,2024-03-04,2199.93
Account_20,1000000020,20,Loan,Closed,Unit_3,User_20,2024-07-31,2066.56
Account_330,1000000330,330,Checking,Active,Unit_2,User_330,2024-12-15,6422.86
Account_310,1000000310,310,Credit,Inactive,Unit_2,User_310,2024-10-17,4785.54
Account_136,1000000136,136,Savings,Active,Unit_3,User_136,2024-05-22,9289.94
Account_39,1000000039,39,Credit,Inactive,Unit_3,User_39,2024-03-30,2367.29
Account_477,1000000477,477,Checking,Closed,Unit_1,User_477,2024-12-07,2781.67
Account_380,1000000380,380,Savings,Inactive,Unit_1,User_380,2024-08-03,2199.93
Account_276,1000000276,276,Checking,Closed,Unit_2,User_276,2024-09-02,7890.29
Account_458,1000000458,458,Checking,Closed,Unit_1,User_458,2024-06-04,9664.33
Account_186,1000000186,186,Credit,Active,Unit_2,User_186,2024-06-08,2130.51
Account_303,1000000303,303,Checking,Closed,Unit_3,User_303,2024-03-22,856.08
Account_375,1000000375,375,Credit,Inactive,Unit_2,User_375,2024-07-18,5229.16
Account_453,1000000453,453,Loan,Active,Unit_3,User_453,2024-10-20,1762.29
Account_142,1000000142,142,Savings,Active,Unit_3,User_142,2024-03-19,6143.7
Account_165,1000000165,165,Savings,Closed,Unit_2,User_165,2024-01-11,6791.55
Account_315,1000000315,315,Savings,Active,Unit_3,User_315,2024-03-12,8832.85
Account_43,1000000043,43,Loan,Active,Unit_2,User_43,2024-05-31,8505.73
Account_353,1000000353,353,Credit,Inactive,Unit_3,User_353,2024-01-19,7254.21
Account_432,1000000432,432,Savings,Active,Unit_1,User_432,2024-09-16,5001.84
Account_298,1000000298,298,Credit,Closed,Unit_1,User_298,2024-06-22,7892.07
Account_75,1000000075,75,Loan,Closed,Unit_1,User_75,2024-09-02,8128.96
Account_108,1000000108,108,Credit,Active,Unit_2,User_108,2024-01-10,7806.84
Account_240,1000000240,240,Savings,Inactive,Unit_2,User_240,2024-12-25,4639.23
Account_477,1000000477,477,Loan,Closed,Unit_1,User_477,2024-02-09,2781.67
Account_309,1000000309,309,Savings,Closed,Unit_2,User_309,2024-03-03,8574.25
Account_220,1000000220,220,Loan,Inactive,Unit_2,User_220,2024-11-03,8998.94
Account_154,1000000154,154,Credit,Inactive,Unit_1,User_154,2024-09-10,2192.16
Account_335,1000000335,335,Checking,Closed,Unit_3,User_335,2024-04-24,1519.2
Account_455,1000000455,455,Checking,Closed,Unit_1,User_455,2024-05-15,6720.4
Account_32,1000000032,32,Savings,Active,Unit_2,User_32,2024-11-19,4740.19
Account_226,1000000226,226,Credit,Active,Unit_2,User_226,2024-02-20,1226.52
Account_249,1000000249,249,Savings,Closed,Unit_2,User_249,2024-02-02,2654.52
Account_313,1000000313,313,Savings,Active,Unit_3,User_313,2024-09-21,9917.27
Account_168,1000000168,168,Savings,Active,Unit_2,User_168,2024-12-07,669.37
Account_336,1000000336,336,Savings,Closed,Unit_3,User_336,2024-10-25,9499.36
Account_133,1000000133,133,Checking,Active,Unit_1,User_133,2024-09-15,7546.7
Account_270,1000000270,270,Loan,Active,Unit_2,User_270,2024-07-08,2960.88
Account_397,1000000397,397,Savings,Active,Unit_1,User_397,2024-08-14,4770.63
Account_110,1000000110,110,Checking,Inactive,Unit_1,User_110,2024-02-13,8975.93
Account_261,1000000261,261,Credit,Active,Unit_3,User_261,2024-11-15,3821.72
Account_470,1000000470,470,Loan,Active,Unit_3,User_470,2024-10-16,3771.05
Account_434,1000000434,434,Checking,Inactive,Unit_3,User_434,2024-10-24,3332.39
Account_195,1000000195,195,Checking,Inactive,Unit_2,User_195,2024-09-18,2818.52
Account_20,1000000020,20,Loan,Closed,Unit_3,User_20,2024-10-28,2066.56
Account_459,1000000459,459,Checking,Closed,Unit_1,User_459,2024-05-11,9727.93
Account_495,1000000495,495,Loan,Active,Unit_2,User_495,2024-12-29,9997.3
Account_428,1000000428,428,Savings,Inactive,Unit_3,User_428,2024-06-23,1116.62
Account_165,1000000165,165,Savings,Closed,Unit_2,User_165,2024-12-15,6791.55
Account_124,1000000124,124,Savings,Inactive,Unit_1,User_124,2024-10-27,5404.85
Account_32,1000000032,32,Credit,Active,Unit_2,User_32,2024-06-30,4740.19
Account_445,1000000445,445,Credit,Active,Unit_3,User_445,2024-04-09,4840.86
Account_464,1000000464,464,Checking,Closed,Unit_3,User_464,2024-08-24,2206.72
Account_412,1000000412,412,Credit,Inactive,Unit_3,User_412,2024-01-12,7092.67
Account_133,1000000133,133,Credit,Active,Unit_1,User_133,2024-03-01,7546.7
Account_218,1000000218,218,Loan,Active,Unit_3,User_218,2024-06-28,6322.52
Account_32,1000000032,32,Checking,Active,Unit_2,User_32,2024-05-03,4740.19
Account_301,1000000301,301,Savings,Active,Unit_1,User_301,2024-01-09,3678.73
Account_60,1000000060,60,Checking,Closed,Unit_3,User_60,2024-09-03,2172.16
Account_220,1000000220,220,Credit,Inactive,Unit_2,User_220,2024-06-13,8998.94
Account_495,1000000495,495,Credit,Active,Unit_2,User_495,2024-06-25,9997.3
Account_123,1000000123,123,Savings,Inactive,Unit_1,User_123,2024-06-10,851.08
Account_351,1000000351,351,Savings,Active,Unit_2,User_351,2024-11-19,5977.77
Account_402,1000000402,402,Checking,Inactive,Unit_2,User_402,2024-06-10,2132.08
Account_7,1000000007,7,Savings,Active,Unit_2,User_7,2024-05-05,664.92
Account_225,1000000225,225,Savings,Inactive,Unit_3,User_225,2024-06-09,3246.95
Account_434,1000000434,434,Credit,Inactive,Unit_3,User_434,2024-05-23,3332.39
Account_331,1000000331,331,Credit,Inactive,Unit_3,User_331,2024-05-17,512.82
Account_5,1000000005,5,Loan,Closed,Unit_3,User_5,2024-06-09,6324.8
Account_26,1000000026,26,Savings,Closed,Unit_1,User_26,2024-05-15,7131.73
Account_71,1000000071,71,Checking,Closed,Unit_1,User_71,2024-03-15,7061.83
Account_412,1000000412,412,Credit,Inactive,Unit_3,User_412,2024-06-16,7092.67
Account_316,1000000316,316,Loan,Inactive,Unit_2,User_316,2024-12-06,2525.68
Account_5,1000000005,5,Credit,Closed,Unit_3,User_5,2024-05-18,6324.8
Account_414,1000000414,414,Loan,Active,Unit_1,User_414,2024-02-09,6154.27
Account_353,1000000353,353,Loan,Inactive,Unit_3,User_353,2024-12-09,7254.21
Account_136,1000000136,136,Loan,Active,Unit_3,User_136,2024-03-11,9289.94
Account_122,1000000122,122,Checking,Closed,Unit_2,User_122,2024-08-27,295.05
Account_463,1000000463,463,Savings,Active,Unit_2,User_463,2024-03-22,207.91
Account_182,1000000182,182,Savings,Closed,Unit_1,User_182,2024-08-06,9991.6
Account_356,1000000356,356,Checking,Active,Unit_2,User_356,2024-08-05,9268.88
Account_433,1000000433,433,Checking,Inactive,Unit_1,User_433,2024-12-08,7714.47
Account_241,1000000241,241,Loan,Inactive,Unit_1,User_241,2024-11-19,8975.5
Account_104,1000000104,104,Credit,Inactive,Unit_1,User_104,2024-09-13,946.83
Account_39,1000000039,39,Checking,Inactive,Unit_3,User_39,2024-02-12,2367.29
Account_52,1000000052,52,Credit,Closed,Unit_2,User_52,2024-05-19,8215.7
Account_201,1000000201,201,Checking,Inactive,Unit_1,User_201,2024-07-29,3531.35
Account_314,1000000314,314,Credit,Closed,Unit_1,User_314,2024-10-29,3430.78
Account_429,1000000429,429,Checking,Closed,Unit_3,User_429,2024-08-03,2663.65
Account_129,1000000129,129,Checking,Inactive,Unit_3,User_129,2024-02-02,6771.87
Account_300,1000000300,300,Loan,Inactive,Unit_3,User_300,2024-08-24,2647.66
Account_121,1000000121,121,Loan,Closed,Unit_3,User_121,2024-08-30,866.09
Account_302,1000000302,302,Credit,Closed,Unit_1,User_302,2024-05-24,8172.61
Account_154,1000000154,154,Checking,Inactive,Unit_1,User_154,2024-01-16,2192.16
Account_66,1000000066,66,Checking,Closed,Unit_3,User_66,2024-04-19,5078.29
Account_463,1000000463,463,Credit,Active,Unit_2,User_463,2024-09-27,207.91
Account_210,1000000210,210,Checking,Closed,Unit_2,User_210,2024-01-04,9745.5
Account_37,1000000037,37,Savings,Inactive,Unit_1,User_37,2024-04-06,3678.15
Account_247,1000000247,247,Savings,Active,Unit_2,User_247,2024-08-25,2690.63
Account_445,1000000445,445,Loan,Active,Unit_3,User_445,2024-10-03,4840.86
Account_146,1000000146,146,Savings,Active,Unit_2,User_146,2024-09-29,5655.72
Account_51,1000000051,51,Credit,Active,Unit_1,User_51,2024-06-05,1571.46
Account_63,1000000063,63,Savings,Closed,Unit_2,User_63,2024-12-05,6105.86
Account_141,1000000141,141,Savings,Closed,Unit_1,User_141,2024-09-06,7322.74
Account_83,1000000083,83,Checking,Closed,Unit_3,User_83,2024-01-21,4994.45
Account_185,1000000185,185,Checking,Closed,Unit_1,User_185,2024-04-12,3217.33
Account_457,1000000457,457,Loan,Inactive,Unit_3,User_457,2024-08-21,2305.69
Account_315,1000000315,315,Credit,Active,Unit_3,User_315,2024-04-04,8832.85
Account_86,1000000086,86,Loan,Inactive,Unit_2,User_86,2024-02-19,8873.1
Account_106,1000000106,106,Savings,Closed,Unit_1,User_106,2024-01-11,5212.16
Account_399,1000000399,399,Savings,Active,Unit_1,User_399,2024-11-02,5238.94
Account_162,1000000162,162,Loan,Inactive,Unit_2,User_162,2024-10-09,6455.22
Account_90,1000000090,90,Credit,Inactive,Unit_1,User_90,2024-07-26,1739.65
Account_473,1000000473,473,Loan,Inactive,Unit_2,User_473,2024-02-08,5595.61
Account_396,1000000396,396,Checking,Active,Unit_3,User_396,2024-01-24,5488.18
Account_387,1000000387,387,Credit,Active,Unit_2,User_387,2024-08-02,1702.54
Account_346,1000000346,346,Savings,Inactive,Unit_2,User_346,2024-01-31,1147.82
Account_140,1000000140,140,Loan,Inactive,Unit_1,User_140,2024-02-25,6075.73
Account_270,1000000270,270,Checking,Active,Unit_2,User_270,2024-01-21,2960.88
Account_459,1000000459,459,Credit,Closed,Unit_1,User_459,2024-12-24,9727.93
Account_284,1000000284,284,Savings,Inactive,Unit_2,User_284,2024-03-09,3026.76
Account_328,1000000328,328,Checking,Inactive,Unit_3,User_328,2024-07-04,3744.24
Account_330,1000000330,330,Checking,Active,Unit_2,User_330,2024-01-07,6422.86
Account_184,1000000184,184,Checking,Inactive,Unit_2,User_184,2024-03-28,2150.23
Account_476,1000000476,476,Credit,Closed,Unit_3,User_476,2024-05-16,6908.73